"Biomarker.Name","Biomarker.ID"
"FCRL1","HGNC:18509"
"FCRL2","HGNC:14875"
"ARHGAP24","HGNC:25361"
"BANK1","HGNC:18233"
"RALGPS2","HGNC:30279"
"CD37","HGNC:1666"
"SWAP70","HGNC:17070"
"CD79A","HGNC:1698"
"LEF1","HGNC:6551"
"TCF7","HGNC:11639"
"LEPROTL1","HGNC:6555"
"CD3E","HGNC:1674"
"CD3G","HGNC:1675"
"CD8B","HGNC:1707"
"NELL2","HGNC:7751"
"S100B","HGNC:10500"
"CLEC4C","HGNC:13258"
"PROC","HGNC:9451"
"SCT","HGNC:10607"
"SCN9A","HGNC:10597"
"SHD","HGNC:30633"
"PPM1J","HGNC:20785"
"ENHO","HGNC:24838"
"LILRA4","HGNC:15503"
"DNASE1L3","HGNC:2959"
"ARPP21","HGNC:16968"
"CFAP73","HGNC:37100"
"AKAP12","HGNC:370"
"C1QTNF4","HGNC:14346"
"LYPD2","HGNC:25215"
"FOLR3","HGNC:3795"
"CLEC4E","HGNC:14555"
"LILRA1","HGNC:6602"
"CDA","HGNC:1712"
"RBP7","HGNC:30316"
"CD300LF","HGNC:29883"
"FPR1","HGNC:3826"
"CD93","HGNC:15855"
"MTMR11","HGNC:24307"
"NCR1","HGNC:6731"
"SH2D1B","HGNC:30416"
"KLRC1","HGNC:6374"
"PRSS23","HGNC:14370"
"CD160","HGNC:17013"
"B3GNT7","HGNC:18811"
"IL2RB","HGNC:6009"
"IL18RAP","HGNC:5989"
"KLRF1","HGNC:13342"
"SLC4A10","HGNC:13811"
"RORA","HGNC:10258"
"SPOCK2","HGNC:13564"
"MAF","HGNC:6776"
"ZFP36L2","HGNC:1108"
"LYAR","HGNC:26021"
"PPP1R14A","HGNC:14871"
"TGFBI","HGNC:11771"
"UPK3A","HGNC:12580"
"PLD4","HGNC:23792"
"MS4A2","HGNC:7316"
"TPSB2","HGNC:14120"
"IL1RL1","HGNC:5998"
"PRG2","HGNC:9362"
"MCEMP1","HGNC:27291"
"CD300E","HGNC:28874"
"C5AR1","HGNC:1338"
"APOBEC3A","HGNC:17343"
"VMO1","HGNC:30387"
"TPPP3","HGNC:24162"
"C1QA","HGNC:1241"
"GPBAR1","HGNC:19680"
"FLT3LG","HGNC:3766"
"CD6","HGNC:1691"
"AP3M2","HGNC:570"
"CAMK4","HGNC:1464"
"RCAN3","HGNC:3042"
"BCL11B","HGNC:13222"
"TSHZ2","HGNC:13010"
"CCR7","HGNC:1608"
"FHIT","HGNC:3701"
"SH3YL1","HGNC:29546"
"PIK3IP1","HGNC:24942"
"CRTAM","HGNC:24313"
"IFNG","HGNC:5438"
"CCL4L2","HGNC:24066"
"XCL2","HGNC:10646"
"ZNF683","HGNC:28495"
"KLRC2","HGNC:6375"
"FCRL6","HGNC:31910"
"S1PR5","HGNC:14299"
"FGFBP2","HGNC:29451"
"PATL2","HGNC:33630"
"LAG3","HGNC:6476"
"GZMM","HGNC:4712"
"TRABD2A","HGNC:27013"
"OXNAD1","HGNC:25128"
"IDO1","HGNC:6059"
"TACSTD2","HGNC:11530"
"WFDC21P","HGNC:50357"
"CLNK","HGNC:17438"
"BATF3","HGNC:28915"
"LGALS2","HGNC:6562"
"IL13RA1","HGNC:5974"
"PLBD1","HGNC:26215"
"CD33","HGNC:1659"
"IGSF6","HGNC:5953"
"IFI30","HGNC:5398"
"ACY3","HGNC:24104"
"PRSS2","HGNC:9483"
"SMIM24","HGNC:37244"
"NREP","HGNC:16834"
"SPNS3","HGNC:28433"
"CNRIP1","HGNC:24546"
"TFR2","HGNC:11762"
"MAP7","HGNC:6869"
"FSCN1","HGNC:11148"
"MYCT1","HGNC:23172"
"CRYGD","HGNC:2411"
"IGSF10","HGNC:26384"
"PBX1","HGNC:8632"
"SERPINB10","HGNC:8942"
"RNASE3","HGNC:10046"
"RNASE2","HGNC:10045"
"RETN","HGNC:20389"
"NPW","HGNC:30509"
"MSRB3","HGNC:27375"
"NPDC1","HGNC:7899"
"LDB2","HGNC:6533"
"CTSE","HGNC:2530"
"IFIT1B","HGNC:23442"
"ADD2","HGNC:244"
"CSF3R","HGNC:2439"
"SPIC","HGNC:29549"
"FABP3","HGNC:3557"
"CD5L","HGNC:1690"
"CCL18","HGNC:10616"
"C1QC","HGNC:1245"
"C1QB","HGNC:1242"
"FABP4","HGNC:3559"
"APOE","HGNC:613"
"SELENOP","HGNC:10751"
"NCR3","HGNC:19077"
"TNFRSF13B","HGNC:18153"
"PNOC","HGNC:9163"
"BLK","HGNC:1057"
"HLA-DOB","HGNC:4937"
"TNFRSF13C","HGNC:17755"
"FCRL5","HGNC:18508"
"LAIR2","HGNC:6478"
"PTGDR","HGNC:9591"
"TBX21","HGNC:11599"
"SPTSSB","HGNC:24045"
"NCAM1","HGNC:7656"
"TNFRSF18","HGNC:11914"
"TYMS","HGNC:12441"
"CD247","HGNC:1677"
"ASIP","HGNC:745"
"SCAMP5","HGNC:30386"
"PTCRA","HGNC:21290"
"LRRC26","HGNC:31409"
"IGLC6","HGNC:5860"
"IGLV6-57","HGNC:5927"
"IGLV3-1","HGNC:5896"
"IGLC7","HGNC:5861"
"JSRP1","HGNC:24963"
"IGKV1-5","HGNC:5741"
"RGS18","HGNC:14261"
"C2orf88","HGNC:28191"
"TMEM40","HGNC:25620"
"DAB2","HGNC:2662"
"SPARC","HGNC:11219"
"RUFY1","HGNC:19760"
"F13A1","HGNC:3531"
"NPY","HGNC:7955"
"LCN6","HGNC:17337"
"RAG2","HGNC:9832"
"HMHB1","HGNC:29677"
"SLC8A1-AS1","HGNC:44102"
"MNDA","HGNC:7183"
"SAMHD1","HGNC:15925"
"ALDH2","HGNC:404"
"PAK1","HGNC:8590"
"LILRB4","HGNC:6608"
"PTPRS","HGNC:9681"
"TNNI2","HGNC:11946"
"SPIB","HGNC:11242"
"TNFRSF21","HGNC:13469"
"EBF1","HGNC:3126"
"IGLL1","HGNC:5870"
"UHRF1","HGNC:12556"
"BLNK","HGNC:14211"
"AGPS","HGNC:327"
"SPX","HGNC:28139"
"WFDC1","HGNC:15466"
"ANXA3","HGNC:541"
"CMTM5","HGNC:19176"
"SELP","HGNC:10721"
"RBPMS2","HGNC:19098"
"ARHGAP6","HGNC:676"
"LTBP1","HGNC:6714"
"IGFBP5","HGNC:5474"
"CP","HGNC:2295"
"TF","HGNC:11740"
"DCN","HGNC:2705"
"LUM","HGNC:6724"
"COL1A2","HGNC:2198"
"CRH","HGNC:2355"
"TNC","HGNC:5318"
"SPARCL1","HGNC:11220"
"BMP5","HGNC:1072"
"RRM2","HGNC:10452"
"MKI67","HGNC:7107"
"BIRC5","HGNC:593"
"LCK","HGNC:6524"
"SH2D1A","HGNC:10820"
"CLSPN","HGNC:19715"
"CDT1","HGNC:24576"
"TK1","HGNC:11830"
"TOP2A","HGNC:11989"
"BMP3","HGNC:1070"
"IGLC5","HGNC:5859"
"APBB2","HGNC:582"
"HRK","HGNC:5185"
"DTX1","HGNC:3060"
"PLCB1","HGNC:15917"
"LGR4","HGNC:13299"
"BICDL1","HGNC:28095"
"PAX8","HGNC:8622"
"MAL","HGNC:6817"
"CACNA2D3","HGNC:15460"
"CDR2","HGNC:1799"
"PTPN14","HGNC:9647"
"PKHD1","HGNC:9016"
"LINC01099","HGNC:49222"
"PDE4D","HGNC:8783"
"NR3C2","HGNC:7979"
"SCN2A","HGNC:10588"
"CADPS2","HGNC:16018"
"COBLL1","HGNC:23571"
"TOX3","HGNC:11972"
"DCDC2","HGNC:18141"
"ABTB2","HGNC:23842"
"MYO9A","HGNC:7608"
"LINC01320","HGNC:50526"
"FOXP2","HGNC:13875"
"BICC1","HGNC:19351"
"OXR1","HGNC:15822"
"CACNA1D","HGNC:1391"
"LINC01055","HGNC:49049"
"FGF13","HGNC:3670"
"TRPM7","HGNC:17994"
"ESRRG","HGNC:3474"
"ATP1A1","HGNC:799"
"LINC01762","HGNC:52552"
"SHANK3","HGNC:14294"
"ADGRL4","HGNC:20822"
"EGFL7","HGNC:20594"
"TEK","HGNC:11724"
"CEACAM1","HGNC:1814"
"NOSTRIN","HGNC:20203"
"SLCO2A1","HGNC:10955"
"CALCRL","HGNC:16709"
"SVEP1","HGNC:15985"
"CDH11","HGNC:1750"
"MOXD1","HGNC:21063"
"PLCXD3","HGNC:31822"
"PLA2G4A","HGNC:9035"
"NID1","HGNC:7821"
"ATRNL1","HGNC:29063"
"SPON1","HGNC:11252"
"IKZF1","HGNC:13176"
"DOCK2","HGNC:2988"
"PTPRC","HGNC:9666"
"FYB1","HGNC:4036"
"AOAH","HGNC:548"
"INPP5D","HGNC:6079"
"MRC1","HGNC:7228"
"SMAP2","HGNC:25082"
"ATP8B4","HGNC:13536"
"LINC01187","HGNC:49575"
"ATP6V1C2","HGNC:18264"
"GALNT17","HGNC:16347"
"IL18","HGNC:5986"
"RHCG","HGNC:18140"
"ITGA6","HGNC:6142"
"KRT13","HGNC:6415"
"EEF1A1","HGNC:3189"
"S100A6","HGNC:10496"
"EHF","HGNC:3246"
"AMBRA1","HGNC:25990"
"LCN2","HGNC:6526"
"SLPI","HGNC:11092"
"RPL41","HGNC:10354"
"RPLP1","HGNC:10372"
"KCNT2","HGNC:18866"
"ALDH1A2","HGNC:15472"
"PAWR","HGNC:8614"
"FRMD4A","HGNC:25491"
"LINC01435","HGNC:50753"
"PDE1A","HGNC:8774"
"RHEX","HGNC:25341"
"SYNE1","HGNC:17089"
"ADAMTS19","HGNC:17111"
"WT1","HGNC:12796"
"FMN2","HGNC:14074"
"NTNG1","HGNC:23319"
"PTPRO","HGNC:9678"
"ZNF804A","HGNC:21711"
"ST6GALNAC3","HGNC:19343"
"KSR2","HGNC:18610"
"GRIP1","HGNC:18708"
"EYA4","HGNC:3522"
"ANK3","HGNC:494"
"PRKAG2","HGNC:9386"
"C11orf80","HGNC:26197"
"MECOM","HGNC:3498"
"PAPPA","HGNC:8602"
"LINC01020","HGNC:27968"
"PLG","HGNC:9071"
"AGXT2","HGNC:14412"
"ACMSD","HGNC:19288"
"SLC36A2","HGNC:18762"
"CDH9","HGNC:1768"
"LINC02027","HGNC:52862"
"RAB11FIP3","HGNC:17224"
"CDH19","HGNC:1758"
"NRXN1","HGNC:8008"
"PRIMA1","HGNC:18319"
"CADM2","HGNC:29849"
"ZNF536","HGNC:29025"
"ADGRB3","HGNC:945"
"EPB41L2","HGNC:3379"
"STARD13","HGNC:19164"
"SCN7A","HGNC:10594"
"GP2","HGNC:4441"
"CLCN5","HGNC:2023"
"CGNL1","HGNC:25931"
"ESRRB","HGNC:3473"
"PKP4","HGNC:9026"
"CARMN","HGNC:42872"
"CACNA1C","HGNC:1390"
"ADGRL3","HGNC:20974"
"COL25A1","HGNC:18603"
"PRKG1","HGNC:9414"
"DLC1","HGNC:2897"
"PRR16","HGNC:29654"
"VEGFC","HGNC:12682"
"CCDC3","HGNC:23813"
"CD34","HGNC:1662"
"CDH13","HGNC:1753"
"CHRM3","HGNC:1952"
"GFOD1","HGNC:21096"
"HEG1","HGNC:29227"
"PATJ","HGNC:28881"
"RAMP3","HGNC:9845"
"TLL1","HGNC:11843"
"LIMS2","HGNC:16084"
"LINC02147","HGNC:53007"
"GPM6A","HGNC:4460"
"PAX5","HGNC:8619"
"IGHM","HGNC:5541"
"ARHGAP15","HGNC:21030"
"RAB7B","HGNC:30513"
"IDO2","HGNC:27269"
"WDFY4","HGNC:29323"
"FNBP1","HGNC:17069"
"CCDC26","HGNC:28416"
"HDAC9","HGNC:14065"
"SLC9A9","HGNC:20653"
"PIK3C2G","HGNC:8973"
"TEX41","HGNC:48667"
"PDE1C","HGNC:8776"
"PACRG","HGNC:19152"
"PTGER3","HGNC:9595"
"PWRN1","HGNC:33235"
"LINC01482","HGNC:51128"
"HS6ST2","HGNC:19133"
"RP1","HGNC:10263"
"LINC01606","HGNC:51656"
"CCDC148","HGNC:25191"
"LDB3","HGNC:15710"
"KCNAB1","HGNC:6228"
"PDZRN4","HGNC:30552"
"LMOD1","HGNC:6647"
"DLEU2","HGNC:13748"
"FOXN3","HGNC:1928"
"RUNX1","HGNC:10471"
"LDLRAD4","HGNC:1224"
"RBPJ","HGNC:5724"
"CELF2","HGNC:2550"
"FMN1","HGNC:3768"
"CHST11","HGNC:17422"
"PRKCB","HGNC:9395"
"UGT2B7","HGNC:12554"
"GALNT14","HGNC:22946"
"ADAMTS9-AS1","HGNC:40625"
"UNC5D","HGNC:18634"
"ITGB8","HGNC:6163"
"STOX2","HGNC:25450"
"DSCAML1","HGNC:14656"
"ARHGAP29","HGNC:30207"
"MAGI2","HGNC:18957"
"COL4A3","HGNC:2204"
"NEBL","HGNC:16932"
"EFNB2","HGNC:3227"
"SYN3","HGNC:11496"
"PTPRB","HGNC:9665"
"PLPP1","HGNC:9228"
"RUNX1T1","HGNC:1535"
"TIMP3","HGNC:11822"
"TMEM52B","HGNC:26438"
"EGF","HGNC:3229"
"ADAMTS12","HGNC:14605"
"ABCA6","HGNC:36"
"CCBE1","HGNC:29426"
"CLMP","HGNC:24039"
"BTNL9","HGNC:24176"
"PLPP3","HGNC:9229"
"SMAD6","HGNC:6772"
"LINC01924","HGNC:27600"
"CAPN8","HGNC:1485"
"SAMD12","HGNC:31750"
"NAALADL2","HGNC:23219"
"LRBA","HGNC:1742"
"PCDH7","HGNC:8659"
"SLC35F3","HGNC:23616"
"DGKI","HGNC:2855"
"PPM1E","HGNC:19322"
"PDZD2","HGNC:18486"
"PKHD1L1","HGNC:20313"
"SEMA3A","HGNC:10723"
"FLRT2","HGNC:3761"
"RELN","HGNC:9957"
"GRAPL","HGNC:37240"
"ELK3","HGNC:3325"
"KALRN","HGNC:4814"
"MS4A6A","HGNC:13375"
"STAB1","HGNC:18628"
"SLC1A3","HGNC:10941"
"COLEC12","HGNC:16016"
"CD163L1","HGNC:30375"
"TLR2","HGNC:11848"
"SLCO2B1","HGNC:10962"
"TMPRSS4","HGNC:11878"
"PPFIA2","HGNC:9246"
"BBOX1","HGNC:964"
"PAPPA2","HGNC:14615"
"ERBB4","HGNC:3432"
"ITGB6","HGNC:6161"
"CALCR","HGNC:1440"
"DEPTOR","HGNC:22953"
"HDC","HGNC:4855"
"SLC8A3","HGNC:11070"
"SLC18A2","HGNC:10935"
"SLC24A3","HGNC:10977"
"GRAP2","HGNC:4563"
"IL18R1","HGNC:5988"
"GATA2","HGNC:4171"
"LSAMP","HGNC:6705"
"PID1","HGNC:26084"
"MEIS1","HGNC:7000"
"LAMA2","HGNC:6482"
"HPSE2","HGNC:18374"
"LPAR1","HGNC:3166"
"SIM2","HGNC:10883"
"ATP1B1","HGNC:804"
"AGTR1","HGNC:336"
"DAAM2","HGNC:18143"
"CSF2RA","HGNC:2435"
"RTN1","HGNC:10467"
"HLA-DPB1","HGNC:4940"
"CIITA","HGNC:7067"
"HLA-DRB1","HGNC:4948"
"MSR1","HGNC:7376"
"MYBL1","HGNC:7547"
"SLFN12L","HGNC:33920"
"IKZF3","HGNC:13178"
"SAMD3","HGNC:21574"
"APBA2","HGNC:579"
"STAT4","HGNC:11365"
"MXD1","HGNC:6761"
"ITM2B","HGNC:6174"
"FTL","HGNC:3999"
"ACTB","HGNC:132"
"DHFR","HGNC:2861"
"SLC11A1","HGNC:10907"
"MYO1F","HGNC:7600"
"ADGRE2","HGNC:3337"
"IRAK3","HGNC:17020"
"TBXAS1","HGNC:11609"
"RCAN2","HGNC:3041"
"ATP6V0A4","HGNC:866"
"BMPR1B","HGNC:1077"
"TRPM3","HGNC:17992"
"SPINK1","HGNC:11244"
"GPX2","HGNC:4554"
"DHRS2","HGNC:18349"
"KIRREL3","HGNC:23204"
"KLRG2","HGNC:24778"
"FAM189A1","HGNC:29075"
"RBFOX1","HGNC:18222"
"EML1","HGNC:3330"
"IGHG3","HGNC:5527"
"IGHG1","HGNC:5525"
"POU2AF1","HGNC:9211"
"IGHGP","HGNC:5529"
"IFNG-AS1","HGNC:43910"
"IGHA1","HGNC:5478"
"TENT5C","HGNC:24712"
"MEI1","HGNC:28613"
"LINC01478","HGNC:51121"
"CLIC3","HGNC:2064"
"CUX2","HGNC:19347"
"VASH2","HGNC:25723"
"BCL11A","HGNC:13221"
"RUBCNL","HGNC:20420"
"LINC00996","HGNC:27800"
"TARID","HGNC:50506"
"ARHGEF26","HGNC:24490"
"AFM","HGNC:316"
"PAH","HGNC:8582"
"SLC28A1","HGNC:11001"
"SMIM2-AS1","HGNC:42674"
"ACSM2B","HGNC:30931"
"CLDN10","HGNC:2033"
"SLC2A9","HGNC:13446"
"CRYL1","HGNC:18246"
"SUGCT","HGNC:16001"
"ERRFI1","HGNC:18185"
"LINC00671","HGNC:44339"
"TINAG","HGNC:14599"
"SLC6A13","HGNC:11046"
"DPYS","HGNC:3013"
"ABCC8","HGNC:59"
"COL13A1","HGNC:2190"
"CACNB2","HGNC:1402"
"ADCY3","HGNC:234"
"PIP5K1B","HGNC:8995"
"GRID2","HGNC:4576"
"SLIT3","HGNC:11087"
"GINS3","HGNC:25851"
"CYP27C1","HGNC:33480"
"THEMIS","HGNC:21569"
"ITK","HGNC:6171"
"LINC01934","HGNC:52757"
"RHOH","HGNC:686"
"CCDC102B","HGNC:26295"
"RGS5","HGNC:10001"
"MAP1B","HGNC:6836"
"HS6ST3","HGNC:19134"
"ZCCHC7","HGNC:26209"
"KAZN","HGNC:29173"
"SLIT2","HGNC:11086"
"MAGI1","HGNC:946"
"TMEM117","HGNC:25308"
"MPPED2","HGNC:1180"
"RALYL","HGNC:27036"
"AGBL4","HGNC:25892"
"ABCC4","HGNC:55"
"TMEM101","HGNC:28653"
"TOX","HGNC:18988"
"DGKB","HGNC:2850"
"KCTD16","HGNC:29244"
"NFE2L2","HGNC:7782"
"WNK1","HGNC:14540"
"KITLG","HGNC:6343"
"SDK1","HGNC:19307"
"PIK3R5","HGNC:30035"
"PTPN13","HGNC:9646"
"GPRC5A","HGNC:9836"
"LMO7","HGNC:6646"
"LAMA3","HGNC:6483"
"DST","HGNC:1090"
"SCEL","HGNC:10573"
"LINC00926","HGNC:27514"
"CD79B","HGNC:1699"
"VPREB3","HGNC:12710"
"SP140","HGNC:17133"
"ADAM28","HGNC:206"
"KRT15","HGNC:6421"
"S100A2","HGNC:10492"
"KRT17","HGNC:6427"
"KRT19","HGNC:6436"
"PERP","HGNC:17637"
"CLDN1","HGNC:2032"
"FHL2","HGNC:3703"
"ITGA2","HGNC:6137"
"S100A12","HGNC:10489"
"S100A8","HGNC:10498"
"CTSS","HGNC:2545"
"CD99","HGNC:7082"
"METTL9","HGNC:24586"
"CD2","HGNC:1639"
"TRAT1","HGNC:30698"
"MALAT1","HGNC:29665"
"CAPS","HGNC:1487"
"CDHR3","HGNC:26308"
"CCDC170","HGNC:21177"
"SNTN","HGNC:33706"
"C20orf85","HGNC:16216"
"ZMYND10","HGNC:19412"
"DNAH6","HGNC:2951"
"HLA-DMB","HGNC:4935"
"HLA-DQA1","HGNC:4942"
"RGS1","HGNC:9991"
"GPR183","HGNC:3128"
"FPR3","HGNC:3828"
"FBLN1","HGNC:3600"
"ADH1B","HGNC:250"
"C1S","HGNC:1247"
"C1R","HGNC:1246"
"C3","HGNC:1318"
"CFD","HGNC:2771"
"ABLIM1","HGNC:78"
"CCL21","HGNC:10620"
"PPFIBP1","HGNC:9249"
"TFF3","HGNC:11757"
"TBX1","HGNC:11592"
"IGFBP7","HGNC:5476"
"TFPI","HGNC:11760"
"ACP5","HGNC:124"
"VSIG4","HGNC:17032"
"OLR1","HGNC:8133"
"APOC1","HGNC:607"
"GPD1","HGNC:4455"
"ITGAX","HGNC:6152"
"GNLY","HGNC:4414"
"PYHIN1","HGNC:28894"
"SPON2","HGNC:11253"
"FCGR3A","HGNC:3619"
"GZMB","HGNC:4709"
"MZB1","HGNC:30125"
"DERL3","HGNC:14236"
"SEC11C","HGNC:23400"
"XBP1","HGNC:12801"
"TNFRSF17","HGNC:11913"
"SSR4","HGNC:11326"
"HSP90B1","HGNC:12028"
"PRDX4","HGNC:17169"
"MANF","HGNC:15461"
"SFTPA1","HGNC:10798"
"NAPSA","HGNC:13395"
"SFTPB","HGNC:10801"
"SFTPD","HGNC:10803"
"SLC34A2","HGNC:11020"
"LAMP3","HGNC:14582"
"LPCAT1","HGNC:25718"
"HPGDS","HGNC:17890"
"VWA5A","HGNC:6658"
"CD44","HGNC:1681"
"LST1","HGNC:14189"
"LILRB2","HGNC:6606"
"AIF1","HGNC:352"
"COTL1","HGNC:18304"
"SAT1","HGNC:10540"
"RPS19","HGNC:10402"
"RHOC","HGNC:669"
"IFITM2","HGNC:5413"
"FCN3","HGNC:3625"
"EPAS1","HGNC:3374"
"CDH5","HGNC:1764"
"PODXL","HGNC:9171"
"FLNB","HGNC:3755"
"CDC42EP1","HGNC:17014"
"CD81","HGNC:1701"
"GZMH","HGNC:4710"
"GZMA","HGNC:4708"
"RPS27","HGNC:10416"
"RPL34","HGNC:10340"
"CYB5A","HGNC:2570"
"C16orf89","HGNC:28687"
"CEACAM6","HGNC:1818"
"WFDC2","HGNC:15939"
"DSTN","HGNC:15750"
"COL1A1","HGNC:2197"
"COL3A1","HGNC:2201"
"COL6A3","HGNC:2213"
"ASPN","HGNC:14872"
"ITGBL1","HGNC:6164"
"CALD1","HGNC:1441"
"POSTN","HGNC:16953"
"BGN","HGNC:1044"
"PPP1R14B","HGNC:9057"
"IRF4","HGNC:6119"
"IRF7","HGNC:6122"
"SEC61B","HGNC:16993"
"PTPRE","HGNC:9669"
"NPC2","HGNC:14537"
"TYROBP","HGNC:12449"
"CDK1","HGNC:1722"
"UBE2C","HGNC:15937"
"ANLN","HGNC:14082"
"NUSAP1","HGNC:18538"
"STMN1","HGNC:6510"
"TPX2","HGNC:1249"
"KPNA2","HGNC:6395"
"HMGB2","HGNC:5000"
"SMC4","HGNC:14013"
"CENPF","HGNC:1857"
"HGNC:11390","AURKB"
"HGNC:6393","KIF2C"
"HGNC:26191","ZNF385D"
"HGNC:11269","SPRY1"
"HGNC:12726","VWF"
"HGNC:16041","EMCN"
"HGNC:2192","COL15A1"
"HGNC:6067","INHBB"
"HGNC:3357","ENPP2"
"HGNC:18384","SCGB3A1"
"HGNC:16108","BPIFB1"
"HGNC:10513","SAA1"
"HGNC:9867","RARRES1"
"HGNC:7372","MSMB"
"HGNC:6597","LIFR"
"HGNC:17661","PLA1A"
"HGNC:2303","CPE"
"HGNC:11778","TGM2"
"HGNC:11309","SRPX"
"HGNC:11522","TACC1"
"HGNC:2202","COL4A1"
"HGNC:2203","COL4A2"
"HGNC:6486","LAMB1"
"HGNC:6494","LAMC3"
"HGNC:1943","CHN1"
"HGNC:12011","TPM2"
"HGNC:15754","MYL9"
"HGNC:2770","DES"
"HGNC:9080","PLN"
"HGNC:2469","CSRP1"
"HGNC:4880","HEY1"
"HGNC:25482","ARGLU1"
"HGNC:3602","FBLN5"
"HGNC:30400","SEMA3G"
"HGNC:5154","HPGD"
"HGNC:620","APP"
"HGNC:17474","ESAM"
"HGNC:19666","STXBP6"
"HGNC:2047","CLDN5"
"HGNC:2638","CYP3A5"
"HGNC:21748","SOSTDC1"
"HGNC:11597","TBX2"
"HGNC:10827","SH3BP5"
"HGNC:9839","RALA"
"HGNC:8823","PECAM1"
"HGNC:24042","WWTR1"
"HGNC:30488","GALNT18"
"HGNC:175","ACVRL1"
"HGNC:10782","SRSF11"
"HGNC:16919","VAT1"
"HGNC:9852","IPO7"
"HGNC:11378","STEAP1"
"HGNC:25926","MEDAG"
"HGNC:8111","OSR1"
"HGNC:15771","CPXM1"
"HGNC:3685","FGF7"
"HGNC:26685","CCDC71L"
"HGNC:4818","HAS1"
"HGNC:1346","C7"
"HGNC:4131","GALNT9"
"HGNC:18259","ITLN1"
"HGNC:9364","PRG4"
"HGNC:29969","MGARP"
"HGNC:409","ALDH1A3"
"HGNC:25063","DMKN"
"HGNC:3037","DSC3"
"HGNC:16257","TUBB1"
"HGNC:17195","ACRBP"
"HGNC:8861","PF4"
"HGNC:4444","GP9"
"HGNC:14388","GP6"
"HGNC:13714","CABP5"
"HGNC:1695","CD7"
"HGNC:2546","CTSW"
"HGNC:2561","CXCR4"
"HGNC:6561","LGALS1"
"HGNC:1834","CEBPB"
"HGNC:32322","SCX"
"HGNC:5248","HSPB3"
"HGNC:9843","RAMP1"
"HGNC:2477","CST5"
"HGNC:5464","IGF1"
"HGNC:2095","CLU"
"HGNC:7029","MET"
"HGNC:10504","S100P"
"HGNC:18665","FAM3D"
"HGNC:19232","CXCL17"
"HGNC:4089","GABRP"
"HGNC:9500","PSCA"
"HGNC:12435","TXN"
"HGNC:2062","CLIC1"
"HGNC:2267","COX5A"
"HGNC:37226","PHGR1"
"HGNC:27364","HEPACAM2"
"HGNC:24465","TMPRSS11E"
"HGNC:853","ATP6V1B1"
"HGNC:16512","BSND"
"HGNC:23990","STAC2"
"HGNC:26656","MFSD6L"
"HGNC:17301","PCSK1N"
"HGNC:1036","BEX1"
"HGNC:30384","NENF"
"HGNC:9353","PRDX2"
"HGNC:3238","EGR1"
"HGNC:16941","SCGN"
"HGNC:30456","ZG16B"
"HGNC:9340","PRB4"
"HGNC:9339","PRB3"
"HGNC:9367","PRH2"
"HGNC:11652","TCN1"
"HGNC:8912","PHB"
"HGNC:26065","TESC"
"HGNC:30649","CCDC80"
"HGNC:10777","SFRP2"
"HGNC:5475","IGFBP6"
"HGNC:8979","PIK3R1"
"HGNC:29255","USP53"
"HGNC:7","A2M"
"HGNC:4451","GPC3"
"HGNC:7568","MYH10"
"HGNC:9868","RARRES2"
"HGNC:550","AOC3"
"HGNC:16892","CD96"
"HGNC:8763","PDCD4"
"HGNC:30057","GPR171"
"HGNC:13380","MS4A8"
"HGNC:32946","ANKRD36C"
"HGNC:10952","SLCO3A1"
"HGNC:10720","SELL"
"HGNC:2605","CYP27A1"
"HGNC:12434","TXK"
"HGNC:25514","MAP7D1"
"HGNC:5992","IL1B"
"HGNC:11180","SOD2"
"HGNC:6025","CXCL8"
"HGNC:30229","G0S2"
"HGNC:3443","EREG"
"HGNC:10619","CCL20"
"HGNC:9361","SRGN"
"HGNC:4604","CXCL3"
"HGNC:4603","CXCL2"
"HGNC:29898","C15orf48"
"HGNC:11784","THBD"
"HGNC:6603","LILRA2"
"HGNC:3697","FGR"
"HGNC:935","BACH1"
"HGNC:28805","TRABD"
"HGNC:7038","MFNG"
"HGNC:10621","CCL22"
"HGNC:16500","DAPP1"
"HGNC:591","BIRC3"
"HGNC:5361","ID2"
"HGNC:4620","GSN"
"HGNC:1636","CD1C"
"HGNC:4938","HLA-DPA1"
"HGNC:4944","HLA-DQB1"
"HGNC:4947","HLA-DRA"
"HGNC:3609","FCER1A"
"HGNC:6010","IL2RG"
"HGNC:1638","CD1E"
"HGNC:9018","PKIB"
"HGNC:2188","COL12A1"
"HGNC:18831","CTHRC1"
"HGNC:14240","SMPD3"
"HGNC:10011","RHEB"
"HGNC:6490","LAMB3"
"HGNC:10773","SFN"
"HGNC:11973","TNS1"
"HGNC:1583","CCND2"
"HGNC:6153","ITGB1"
"HGNC:3754","FLNA"
"HGNC:1513","CASQ2"
"HGNC:651","AREG"
"HGNC:9053","PLAUR"
"HGNC:9771","RAB31"
"HGNC:9630","PTN"
"HGNC:6278","KCNK3"
"HGNC:9995","RGS13"
"HGNC:29670","GNPTAB"
"HGNC:14405","KIF13B"
"HGNC:14402","HIPK2"
"HGNC:13797","PRX"
"HGNC:12849","YWHAB"
"HGNC:11853","TM4SF1"
"HGNC:18122","SOX17"
"HGNC:19391","SOCS3"
"HGNC:3333","EMP1"
"HGNC:29370","ITPRIP"
"HGNC:17361","ARID5A"
"HGNC:20369","RGCC"
"HGNC:7203","CD200"
"HGNC:15520","LPAR6"
"HGNC:3616","FCGR2A"
"HGNC:2527","CTSB"
"HGNC:9472","LGMN"
"HGNC:10611","CCL13"
"HGNC:7859","NMU"
"HGNC:9690","PTTG1"
"HGNC:1990","CKAP2"
"HGNC:1856","CENPE"
"HGNC:1050","BID"
"HGNC:736","NAAA"
"HGNC:11249","SPN"
"HGNC:3068","DUSP2"
"HGNC:2479","CST7"
"HGNC:16830","IL32"
"HGNC:19859","TC2N"
"HGNC:6711","LTB"
"HGNC:15757","SIRPG"
"HGNC:17946","NOSIP"
"HGNC:15488","IL23A"
"HGNC:25542","TSR1"
"HGNC:20397","ATF7IP2"
"HGNC:4538","GPR87"
"HGNC:636","AQP3"
"HGNC:20685","PROM2"
"HGNC:18238","RAB25"
"HGNC:937","BAG1"
"HGNC:9029","PLA2G10"
"HGNC:9623","PTMA"
"HGNC:9226","PPA1"
"HGNC:1228","SERPING1"
"HGNC:4242","GFPT2"
"HGNC:16457","MAP3K7CL"
"HGNC:1936","CHIT1"
"HGNC:9033","PLA2G2D"
"HGNC:21391","SLAMF8"
"HGNC:9040","PLA2G7"
"HGNC:1474","CAPG"
"HGNC:2482","CSTB"
"HGNC:8819","PDXK"
"HGNC:10719","SELENBP1"
"HGNC:3560","FABP5"
"HGNC:648","ARC"
"HGNC:3070","DUSP4"
"HGNC:633","AQP1"
"HGNC:2157","CNN3"
"HGNC:4962","HLA-E"
"HGNC:14158","TMEM204"
"HGNC:3176","EDN1"
"HGNC:15922","REM1"
"HGNC:12010","TPM1"
"HGNC:29557","NEXN"
"HGNC:3972","FSTL1"
"HGNC:11801","THY1"
"HGNC:4883","CFH"
"HGNC:4517","GPR65"
"HGNC:11924","TNFRSF9"
"HGNC:5344","ICAM1"
"HGNC:29012","KDM6B"
"HGNC:22958","PDLIM7"
"HGNC:7590","MYLK"
"HGNC:13441","SCUBE1"
"HGNC:30359","CSDC2"
"HGNC:23609","TBC1D10A"
"HGNC:27296","TMEM61"
"HGNC:1293","SMIM11"
"HGNC:3043","PSMG1"
"HGNC:1051","BIK"
"HGNC:8944","SERPINB13"
"HGNC:10570","SERPINB4"
"HGNC:2016","CLCA2"
"HGNC:256","ADH7"
"HGNC:11855","TSPAN8"
"HGNC:25470","SUSD4"
"HGNC:2018","CLCA4"
"HGNC:51384","LINC01571"
"HGNC:18445","CALML4"
"HGNC:24061","AKAP14"
"HGNC:1645","CD24"
"HGNC:18323","HCG14"
"HGNC:29984","TP53AIP1"
"HGNC:14492","MRPL41"
"HGNC:12518","UCP2"
"HGNC:18282","PBK"
"HGNC:1791","CDKN3"
"HGNC:1723","CDC20"
"HGNC:1580","CCNB2"
"HGNC:14624","CDCA3"
"HGNC:29612","LAPTM5"
"HGNC:10691","SDS"
"HGNC:3611","FCER1G"
"HGNC:38675","C11orf96"
"HGNC:2470","CSRP2"
"HGNC:11346","IL24"
"HGNC:24043","ADIRF"
"HGNC:29836","NDUFA4L2"
"HGNC:4555","GPX3"
"HGNC:5473","IGFBP4"
"HGNC:13635","PLVAP"
"HGNC:3349","ENG"
"HGNC:3466","ESM1"
"HGNC:8583","SERPINE1"
"HGNC:11373","STC1"
"HGNC:7155","MMP1"
"HGNC:4403","GNG11"
"HGNC:7809","NGFR"
"HGNC:18414","UCN2"
"HGNC:11190","SOX10"
"HGNC:10486","S100A1"
"HGNC:9086","PLP1"
"HGNC:30795","TSPAN11"
"HGNC:16267","WNT16"
"HGNC:11195","SOX2"
"HGNC:11742","TFAP2A"
"HGNC:11820","TIMP1"
"HGNC:1047","BHMT"
"HGNC:16096","VSTM2L"
"HGNC:11857","TM4SF5"
"HGNC:536","ANXA13"
"HGNC:742","ASGR1"
"HGNC:2766","DEFB1"
"HGNC:22989","COL22A1"
"HGNC:24956","OLFML3"
"HGNC:7001","MEIS2"
"HGNC:39886","GPC5-AS1"
"HGNC:24323","CARTPT"
"HGNC:3490","ETV1"
"HGNC:12412","TUBB2A"
"HGNC:9922","RBP4"
"HGNC:8941","SERPINA1"
"HGNC:9998","RGS2"
"HGNC:8743","PCSK1"
"HGNC:4901","HHEX"
"HGNC:6554","LEPR"
"HGNC:6972","MDK"
"HGNC:6728","LY6H"
"HGNC:11255","SPP1"
"HGNC:7174","MMP7"
"HGNC:542","ANXA4"
"HGNC:9951","REG1A"
"HGNC:9475","PRSS1"
"HGNC:2522","CTRB2"
"HGNC:2521","CTRB1"
"HGNC:9952","REG1B"
"HGNC:15944","CELA3A"
"HGNC:8601","REG3A"
"HGNC:2296","CPA1"
"HGNC:2085","CLPS"
"HGNC:5329","IAPP"
"HGNC:2907","DLK1"
"HGNC:33527","INS-IGF2"
"HGNC:28906","G6PC2"
"HGNC:4799","HADH"
"HGNC:241","ADCYAP1"
"HGNC:7953","NPTX2"
"HGNC:35164","C12orf75"
"HGNC:12405","TTR"
"HGNC:9286","PPP1R1A"
"HGNC:2395","CRYBA2"
"HGNC:11856","TM4SF4"
"HGNC:6408","MAFB"
"HGNC:4187","GC"
"HGNC:8744","PCSK2"
"HGNC:8830","PEMT"
"HGNC:30815","NEAT1"
"HGNC:6740","LYZ"
"HGNC:9498","PSAP"
"HGNC:1678","CD4"
"HGNC:6541","LDHB"
"HGNC:12022","TPT1"
"HGNC:11879","TMSB10"
"HGNC:16977","HCST"
"HGNC:53378","LINC02446"
"HGNC:1697","CD74"
"HGNC:6996","MEF2C"
"HGNC:25523","CCDC88A"
"HGNC:4934","HLA-DMA"
"HGNC:5480","IGHD"
"HGNC:357","AIM2"
"HGNC:52673","LINC01857"
"HGNC:2180","COCH"
"HGNC:11322","SSPN"
"HGNC:29585","TEX9"
"HGNC:52571","LINC01781"
"HGNC:1130","BTG1"
"HGNC:2428","YBX3"
"HGNC:5479","IGHA2"
"HGNC:21073","TXNDC5"
"HGNC:2318","CPNE5"
"HGNC:25717","NT5DC2"
"HGNC:914","B2M"
"HGNC:28961","PCLAF"
"HGNC:19048","ASPM"
"HGNC:19364","RTKN2"
"HGNC:6008","IL2RA"
"HGNC:2505","CTLA4"
"HGNC:18506","FCRL3"
"HGNC:13177","IKZF2"
"HGNC:9992","RGS10"
"HGNC:533","ANXA1"
"HGNC:6412","KRT1"
"HGNC:4168","GAS6"
"HGNC:26258","C1orf54"
"HGNC:3765","FLT3"
"HGNC:3356","ENPP1"
"HGNC:14460","NDRG2"
"HGNC:13447","SLC38A1"
"HGNC:6473","AFF3"
"HGNC:6175","ITM2C"
"HGNC:1786","CDKN1C"
"HGNC:5393","IER5"
"HGNC:11245","SPINK2"
"HGNC:14946","PPP1R9A"
"HGNC:11908","TNFRSF11A"
"HGNC:4829","HBD"
"HGNC:4826","HBM"
"HGNC:18075","AHSP"
"HGNC:397","ALAS2"
"HGNC:1368","CA1"
"HGNC:11027","SLC4A1"
"HGNC:24150","TRIM58"
"HGNC:24239","TMCC2"
"HGNC:31397","PRSS57"
"HGNC:24435","CYTL1"
"HGNC:894","AVP"
"HGNC:7545","MYB"
"HGNC:13646","LAPTM4B"
"HGNC:6342","KIT"
"HGNC:26693","TTLL10"
"HGNC:49682","LINC01229"
"HGNC:5993","IL1R1"
"HGNC:9240","PPBP"
"HGNC:8000","NRGN"
"HGNC:10690","CAVIN2"
"HGNC:9655","PTPN3"
"HGNC:53113","MIR4422HG"
"HGNC:8044","NUCB2"
"HGNC:1527","CAV1"
"HGNC:37261","DTHD1"
"HGNC:4026","FXYD2"
"HGNC:12275","TRGC1"
"HGNC:12263","TRDV2"
"HGNC:12295","TRGV9"
"HGNC:21387","PRSS35"
"HGNC:21539","RBM24"
"HGNC:6721","LTK"
"HGNC:3392","EPHB1"
"HGNC:5716","IGKC"
"HGNC:6759","MARCKS"
"HGNC:5856","IGLC2"
"HGNC:5857","IGLC3"
"HGNC:2529","CTSD"
"HGNC:8014","YBX1"
"HGNC:7637","NAP1L1"
"HGNC:11641","TCF7L2"
"HGNC:10494","S100A4"
"HGNC:28789","SARAF"
"HGNC:18352","CENPM"
"HGNC:13195","ZWINT"
"HGNC:6616","LIMS1"
"HGNC:11881","TMSB4X"
"HGNC:35163","MIR4435-2HG"
"HGNC:1653","CD28"
"HGNC:14628","CDCA7"
"HGNC:6173","ITM2A"
"HGNC:11979","TOB1"
"HGNC:17084","SYNE2"
"HGNC:18825","SERINC5"
"HGNC:6140","ITGA4"
"HGNC:1610","CCR9"
"HGNC:26624","KDF1"
"HGNC:3009","DPP4"
"HGNC:18171","CD244"
"HGNC:11030","SLC4A4"
"HGNC:28324","TMIGD2"
"HGNC:29225","ODF2L"
"HGNC:12692","VIM"
"HGNC:1606","CCR5"
"HGNC:1933","CHI3L2"
"HGNC:1667","CD38"
"HGNC:17200","LRRN3"
"HGNC:1925","CHEK1"
"HGNC:52690","LINC01871"
"HGNC:28344","C1orf162"
"HGNC:4172","GATA3"
"HGNC:6075","INPP4B"
"HGNC:21397","SCML4"
"HGNC:28783","CMC1"
"HGNC:28743","TSPAN33"
"HGNC:957","BASP1"
"HGNC:29521","C12orf57"
"HGNC:3688","FGFR1"
"HGNC:11138","SNCA"
"HGNC:6339","KIR3DL2"
"HGNC:12262","TRDV1"
"HGNC:15489","ZNF331"
"HGNC:17362","ARID5B"
"HGNC:20253","GCSAM"
"HGNC:1777","CDK6"
"HGNC:29024","ANKRD28"
"HGNC:19955","FAM30A"
"HGNC:1835","CEBPD"
"HGNC:8729","PCNA"
"HGNC:14011","SMC2"
"HGNC:18111","CCDC50"
"HGNC:12524","UGCG"
"HGNC:11634","TCF4"
"HGNC:5358","IRF8"
"HGNC:28030","TXNDC11"
"HGNC:29547","SHCBP1"
"HGNC:24054","KNL1"
"HGNC:9392","PRKAR2B"
"HGNC:21648","TOMM7"
"HGNC:16874","SV2B"
"HGNC:21637","SATB2"
"HGNC:20990","PHACTR1"
"HGNC:18117","KHDRBS3"
"HGNC:4092","GAD1"
"HGNC:6234","KCNC2"
"HGNC:4093","GAD2"
"HGNC:11042","SLC6A1"
"HGNC:13427","RBMS3"
"HGNC:7820","NHS"
"HGNC:21100","QKI"
"HGNC:13503","ZBTB20"
"HGNC:9592","PTGDS"
"HGNC:20610","PHLPP1"
"HGNC:1760","CDH20"
"HGNC:9305","PPP2R2B"
"HGNC:8781","PDE4B"
"HGNC:2987","DOCK1"
"HGNC:6866","MAP4K4"
"HGNC:10940","SLC1A2"
"HGNC:17416","ADGRV1"
"HGNC:2475","CST3"
"HGNC:637","AQP4"
"HGNC:74","ABCG2"
"HGNC:3749","FLI1"
"HGNC:5397","IFI27"
"HGNC:11891","CLEC3B"
"HGNC:1544","CBLN2"
"HGNC:19296","EPHA6"
"HGNC:2175","CNTN5"
"HGNC:9876","RASGRF2"
"HGNC:1369","CA10"
"HGNC:20821","COL24A1"
"HGNC:8004","NRP1"
"HGNC:7997","NRG1"
"HGNC:17512","HOMER1"
"HGNC:21389","FSTL4"
"HGNC:21386","FSTL5"
"HGNC:5997","IL1RAPL2"
"HGNC:1944","CHN2"
"HGNC:2317","CPNE4"
"HGNC:21694","POU6F2"
"HGNC:6144","ITGA8"
"HGNC:99","ASIC2"
"HGNC:2418","CRYM"
"HGNC:8076","NXPH2"
"HGNC:25428","KIAA1217"
"HGNC:16697","SORCS1"
"HGNC:10727","SEMA3E"
"HGNC:9674","PTPRK"
"HGNC:1751","CDH12"
"HGNC:21355","MLIP"
"HGNC:26811","RNF152"
"HGNC:14288","NTNG2"
"HGNC:14217","STK32B"
"HGNC:6286","KCNMB2"
"HGNC:27475","GAS2L3"
"HGNC:24558","OLFML2B"
"HGNC:922","B3GAT2"
"HGNC:17941","NTM"
"HGNC:11840","TLE4"
"HGNC:9682","PTPRT"
"HGNC:4574","GRIA4"
"HGNC:21345","PTCHD4"
"HGNC:29822","MYO16"
"HGNC:16097","LAMP5"
"HGNC:19191","DOCK8"
"HGNC:2558","CX3CR1"
"HGNC:2433","CSF1R"
"HGNC:2511","CTNNA3"
"HGNC:7189","MOBP"
"HGNC:25552","RNF220"
"HGNC:18798","SLC44A1"
"HGNC:8803","PDGFRA"
"HGNC:16983","OLIG1"
"HGNC:2217","COL9A1"
"HGNC:974","BCAS1"
"HGNC:15889","FERMT1"
"HGNC:983","BCHE"
"HGNC:26911","ZCCHC24"
"HGNC:20823","DPP10"
"HGNC:23844","BTBD11"
"HGNC:9704","PVALB"
"HGNC:11068","SLC8A1"
"HGNC:16272","MAML3"
"HGNC:227","ADARB2"
"HGNC:19311","NPAS3"
"HGNC:11141","SNCG"
"HGNC:4579","GRIK1"
"HGNC:20693","NXPH1"
"HGNC:16421","SOX6"
"HGNC:19342","ST6GALNAC5"
"HGNC:11353","STAC"
"HGNC:8515","OTOF"
"HGNC:7957","NPY2R"
"HGNC:2356","CRHBP"
"HGNC:33736","ANKRD34B"
"HGNC:17807","CHODL"
"HGNC:33844","GALNTL6"
"HGNC:6693","LRP1B"
"HGNC:4599","GRM7"
"HGNC:22207","THSD7A"
"HGNC:16507","SYNPR"
"HGNC:21449","ITIH5"
"HGNC:11595","TBX18"
"HGNC:2212","COL6A2"
"HGNC:30668","SRPX2"
"HGNC:20105","FLVCR2"
"HGNC:3770","FMO2"
"HGNC:4235","GFAP"
"HGNC:5362","ID3"
"HGNC:2510","CTNNA2"
"HGNC:3690","FGFR3"
"HGNC:4595","GRM3"
"HGNC:4274","GJA1"
"HGNC:14404","ETNPPL"
"HGNC:8945","SERPINI2"
"HGNC:14633","ADAMTSL3"
"HGNC:30289","RASL12"
"HGNC:43960","LINC00609"
"HGNC:16039","ANGPTL4"
"HGNC:13819","SLCO1C1"
"HGNC:9453","PRODH"
"HGNC:9065","PLCG1"
"HGNC:16051","PARD3"
"HGNC:4593","GRM1"
"HGNC:22431","TMEM196"
"HGNC:21207","LINGO2"
"HGNC:277","ADRA1A"
"HGNC:18306","KCNG3"
"HGNC:8209","OR1J2"
"HGNC:6277","KCNK2"
"HGNC:1951","CHRM2"
"HGNC:9873","RASAL1"
"HGNC:43558","LINC00507"
"HGNC:870","ATP7B"
"HGNC:19411","LRRTM4"
"HGNC:6821","MAN1A1"
"HGNC:2928","DMD"
"HGNC:3345","ENC1"
"HGNC:4328","GLRA3"
"HGNC:2905","DLGAP1"
"HGNC:3050","DSG3"
"HGNC:29317","LRRC4C"
"HGNC:9685","PTPRZ1"
"HGNC:12695","VIPR2"
"HGNC:18748","CNTNAP5"
"HGNC:24350","CCDC68"
"HGNC:4571","GRIA1"
"HGNC:30024","PEX5L"
"HGNC:18649","GULP1"
"HGNC:23242","GALNT13"
"HGNC:10249","ROBO1"
"HGNC:31700","ZBTB7C"
"HGNC:48603","SCHLAP1"
"HGNC:10484","RYR2"
"HGNC:26836","SLC38A11"
"HGNC:21013","PLXDC2"
"HGNC:23392","CARM1P1"
"HGNC:7657","NCAM2"
"HGNC:26901","OTOGL"
"HGNC:6181","ITPR2"
"HGNC:9237","PPARGC1A"
"HGNC:4140","GAP43"
"HGNC:3355","ENPEP"
"HGNC:27545","LINC00922"
"HGNC:3446","ERG"
"HGNC:4243","GFRA1"
"HGNC:9874","RASAL2"
"HGNC:13506","FEZF2"
"HGNC:743","ASGR2"
"HGNC:14075","SGCZ"
"HGNC:37203","VWC2L"
"HGNC:13841","ADGRG6"
"HGNC:8656","PCDH11X"
"HGNC:49229","LINC01107"
"HGNC:21732","ANTXR2"
"HGNC:5995","IL1RAP"
"HGNC:6484","LAMA4"
"HGNC:12004","TPBG"
"HGNC:5292","HTR1F"
"HGNC:49633","LINC01202"
"HGNC:18608","LRRK1"
"HGNC:8742","PCP4"
"HGNC:10002","RGS6"
"HGNC:2186","COL11A1"
"HGNC:20421","LNX2"
"HGNC:23729","MKX"
"HGNC:19718","RXFP1"
"HGNC:1569","CCK"
"HGNC:21204","IPCEF1"
"HGNC:12635","UTRN"
"HGNC:11949","TNNT2"
"HGNC:15521","KCNIP1"
"HGNC:20392","SULF2"
"HGNC:6249","KCNG2"
"HGNC:39689","ANKRD26P3"
"HGNC:13823","NETO1"
"HGNC:2445","CSN1S1"
"HGNC:29229","NWD2"
"HGNC:51189","LINC01507"
"HGNC:26534","FER1L6-AS2"
"HGNC:19037","MAST4"
"HGNC:40780","NREP-AS1"
"HGNC:22128","NPSR1-AS1"
"HGNC:13433","ROBO3"
"HGNC:23631","NPSR1"
"HGNC:9011","PKD2L1"
"HGNC:4454","GPC6"
"HGNC:43592","GDNF-AS1"
"HGNC:9709","PVT1"
"HGNC:20851","FNBP1L"
"HGNC:18531","LRRC7"
"HGNC:6254","KCNH5"
"HGNC:19971","MED8"
"HGNC:29109","TESPA1"
"HGNC:7750","NELL1"
"HGNC:3666","FGF10"
"HGNC:49081","LINC01060"
"HGNC:49259","LINC01116"
"HGNC:12338","TRPC6"
"HGNC:32419","RGPD6"
"HGNC:16767","GRIN3A"
"HGNC:17025","COL21A1"
"HGNC:5195","HS3ST2"
"HGNC:10964","SLC22A18"
"HGNC:21180","SAMD5"
"HGNC:30906","VILL"
"HGNC:8143","OPCML"
"HGNC:9407","PRKD1"
"HGNC:21571","TMEM244"
"HGNC:1884","CFTR"
"HGNC:414","ALDOA"
"HGNC:12810","XIST"
"HGNC:24589","FILIP1L"
"HGNC:8010","NRXN3"
"HGNC:6299","KCNQ5"
"HGNC:27949","GADL1"
"HGNC:400","ALCAM"
"HGNC:50609","MYHAS"
"HGNC:28255","PCED1B"
"HGNC:42420","ZNF385D-AS2"
"HGNC:6678","LPO"
"HGNC:18638","SYT6"
"HGNC:2516","CTNND2"
"HGNC:27424","RBM20"
"HGNC:15110","OR1L8"
"HGNC:9444","PRKY"
"HGNC:12633","USP9Y"
"HGNC:23111","DCHS2"
"HGNC:2699","DDX3Y"
"HGNC:54","ABCC3"
"HGNC:3173","EDIL3"
"HGNC:20986","SMYD1"
"HGNC:11251","SPOCK1"
"HGNC:11898","TNFAIP6"
"HGNC:33455","SLC15A5"
"HGNC:19061","FFAR4"
"HGNC:777","ZFHX3"
"HGNC:6368","KLK7"
"HGNC:18991","ADGRF2"
"HGNC:20834","CABP7"
"HGNC:1718","CDC14A"
"HGNC:30871","MGAT4C"
"HGNC:18800","POGK"
"HGNC:48682","ADD3-AS1"
"HGNC:15836","PROKR2"
"HGNC:219","ADAMTS3"
"HGNC:10706","SEC24D"
"HGNC:8792","PDE7B"
"HGNC:4180","GBE1"
"HGNC:30322","ARHGEF28"
"HGNC:30905","C8orf34"
"HGNC:19839","FRMD6"
"HGNC:11089","SLN"
"HGNC:13741","SNTG2"
"HGNC:29945","TENM4"
"HGNC:17448","CLSTN2"
"HGNC:26593","LY86-AS1"
"HGNC:26256","NDNF"
"HGNC:11509","SYT1"
"HGNC:427","ALK"
"HGNC:1069","BMP2"
"HGNC:7843","NMBR"
"HGNC:23149","UNC13C"
"HGNC:29411","TMEM132D"
"HGNC:8661","PCDH9"
"HGNC:1399","CACNA2D1"
"HGNC:30265","RAB11FIP1"
"HGNC:18747","CNTNAP4"
"HGNC:25844","ZMAT4"
"HGNC:44222","NR2F2-AS1"
"HGNC:29191","LIMCH1"
"HGNC:8620","PAX6"
"HGNC:15781","CHRFAM7A"
"HGNC:19196","SP8"
"HGNC:13733","CDH23"
"HGNC:31488","MIR101-1"
"HGNC:10479","RXRG"
"HGNC:3218","EFEMP1"
"HGNC:7976","NR2F2"
"HGNC:22980","SLC10A4"
"HGNC:29966","DEFB108B"
"HGNC:1438","CALCB"
"HGNC:30135","P4HA3"
"HGNC:1956","CHRNA2"
"HGNC:190","ADAM12"
"HGNC:20754","TRPC7"
"HGNC:43656","PROX1-AS1"
"HGNC:28557","KLHDC8B"
"HGNC:15589","SYTL5"
"HGNC:8005","NRP2"
"HGNC:19117","FGD5"
"HGNC:21420","CDK20"
"HGNC:2892","DKK2"
"HGNC:19179","CMTM8"
"HGNC:25876","CCNJL"
"HGNC:16443","NKAIN2"
"HGNC:3604","FBN2"
"HGNC:2065","CLIC6"
"HGNC:26099","ARHGAP10"
"HGNC:26332","ZNF385B"
"HGNC:37280","PRRT4"
"HGNC:18351","SHISA8"
"HGNC:3763","FLT1"
"HGNC:21263","ASIC4"
"HGNC:30578","EXPH5"
"HGNC:26538","VWA5B1"
"HGNC:14026","CSMD1"
"HGNC:2206","COL4A4"
"HGNC:7945","NPR3"
"HGNC:1435","CALB2"
"HGNC:11044","SLC6A11"
"HGNC:4086","GABRG1"
"HGNC:16699","SORCS3"
"HGNC:23746","NECAB2"
"HGNC:12783","WNT4"
"HGNC:23015","FAM20A"
"HGNC:20209","SOX2-OT"
"HGNC:1543","CBLN1"
"HGNC:50528","LINC01322"
"HGNC:11201","SOX5"
"HGNC:3010","DPP6"
"HGNC:28431","LYPD1"
"HGNC:3390","EPHA7"
"HGNC:49542","LINC01170"
"HGNC:21184","FNDC1"
"HGNC:9607","PTHLH"
"HGNC:26511","HSPB6"
"HGNC:18469","ZDHHC2"
"HGNC:7973","NR2E1"
"HGNC:23112","FAT3"
"HGNC:43896","CD27-AS1"
"HGNC:9600","PTGFR"
"HGNC:2661","DAB1"
"HGNC:48987","LINC01013"
"HGNC:30499","PHLDB3"
"HGNC:37231","SHISA9"
"HGNC:9024","PKP2"
"HGNC:10257","ROR2"
"HGNC:33842","AARD"
"HGNC:10776","SFRP1"
"HGNC:1382","CA8"
"HGNC:7756","NES"
"HGNC:26808","DYNAP"
"HGNC:25396","FREM2"
"HGNC:16842","TP53I11"
"HGNC:17468","PDLIM5"
"HGNC:25807","SLC7A6OS"
"HGNC:13406","PCLO"
"HGNC:24785","YJEFN3"
"HGNC:7967","NR1H4"
"HGNC:3959","FRZB"
"HGNC:1767","CDH8"
"HGNC:13622","SLC6A16"
"HGNC:23627","GPR149"
"HGNC:20884","PLEKHG1"
"HGNC:19710","HHIPL1"
"HGNC:7377","MSRA"
"HGNC:21578","RNF144B"
"HGNC:10296","RPH3AL"
"HGNC:20256","SFMBT2"
"HGNC:9997","RGS16"
"HGNC:18232","BSPRY"
"HGNC:11191","SOX11"
"HGNC:17514","HOMER3"
"HGNC:20956","PHACTR2"
"HGNC:24582","SAMD13"
"HGNC:34436","LCNL1"
"HGNC:3388","EPHA4"
"HGNC:4600","GRM8"
"HGNC:6130","ISG20"
"HGNC:50530","LINC01324"
"HGNC:50680","LINC01399"
"HGNC:4212","GDA"
"HGNC:1762","CDH3"
"HGNC:16465","EPSTI1"
"HGNC:33426","GGTLC3"
"HGNC:42435","ADAMTS9-AS2"
"HGNC:14714","OR5AH1P"
"HGNC:5196","HS3ST3A1"
"HGNC:20983","NECAB1"
"HGNC:24600","ANKS1B"
"HGNC:9668","PTPRD"
"HGNC:9700","IGDCC3"
"HGNC:7648","NBEA"
"HGNC:21035","ARHGAP18"
"HGNC:3519","EYA1"
"HGNC:21616","TNS3"
"HGNC:30083","KCNIP4"
"HGNC:51163","LINC01497"
"HGNC:51304","ZIM2-AS1"
"HGNC:25440","TMTC2"
"HGNC:10017","RIT2"
"HGNC:6589","LHFPL3"
"HGNC:30991","LRIG3"
"HGNC:233","ADCY2"
"HGNC:4580","GRIK2"
"HGNC:35708","RPL35AP11"
"HGNC:2338","CRABP1"
"HGNC:21075","TMEM200A"
"HGNC:4153","GAPDHP60"
"HGNC:28751","LYPD6"
"HGNC:15522","KCNIP2"
"HGNC:26183","MCTP1"
"HGNC:26159","CPED1"
"HGNC:25057","FAM89A"
"HGNC:4263","GHR"
"HGNC:50698","ZFPM2-AS1"
"HGNC:1749","CDH10"
"HGNC:24160","BEAN1"
"HGNC:14267","PCDH17"
"HGNC:24581","DNAJC14"
"HGNC:3225","EFNA5"
"HGNC:24290","CSGALNACT1"
"HGNC:22950","PREX2"
"HGNC:28084","ISX"
"HGNC:18582","ADGRL2"
"HGNC:29199","TMCC3"
"HGNC:14291","NLGN1"
"HGNC:20360","LRFN5"
"HGNC:17302","NEGR1"
"HGNC:8977","PIK3CD"
"HGNC:1163","C11orf1"
"HGNC:9778","RAB3B"
"HGNC:29404","KLHL29"
"HGNC:24886","FRMD4B"
"HGNC:3990","FTH1P3"
"HGNC:3788","FOLH1"
"HGNC:38","ABCA8"
"HGNC:7197","MOG"
"HGNC:12555","UGT8"
"HGNC:10956","SLCO1A2"
"HGNC:25753","MAP6D1"
"HGNC:29268","CARNS1"
"HGNC:9875","RASGRF1"
"HGNC:2207","COL4A5"
"HGNC:2195","COL18A1"
"HGNC:12597","USH1C"
"HGNC:23409","ENPP6"
"HGNC:26829","NKAIN3"
"HGNC:30834","TRIM59"
"HGNC:10485","RYR3"
"HGNC:44128","LRP4-AS1"
"HGNC:18640","LDLRAP1"
"HGNC:9398","OLIG2"
"HGNC:16315","SNX22"
"HGNC:16191","NKAIN4"
"HGNC:48357","KLRC4-KLRK1"
"HGNC:14670","COL20A1"
"HGNC:14923","GPR37L1"
"HGNC:7035","MFAP4"
"HGNC:24820","FAM189A2"
"HGNC:10918","SLC14A1"
"HGNC:333","AGT"
"HGNC:10661","SDC4"
"HGNC:7778","NFATC4"
"HGNC:4288","GJB6"
"HGNC:30506","PLEKHH2"
"HGNC:7866","NOG"
"HGNC:30932","XAF1"
"HGNC:4388","GNAL"
"HGNC:49024","LINC01036"
"HGNC:44879","VIM-AS1"
"HGNC:48639","LINC00943"
"HGNC:4830","HBE1"
"HGNC:21090","TRAPPC3L"
"HGNC:49109","LINC01069"
"HGNC:2557","CUX1"
"HGNC:2701","DCC"
"HGNC:1462","CAMK2D"
"HGNC:25209","PRUNE2"
"HGNC:26286","ARSJ"
"HGNC:5198","HS3ST3B1"
"HGNC:5192","HES1"
"HGNC:17704","PDZRN3"
"HGNC:3026","DRD5"
"HGNC:29400","CCDC85A"
"HGNC:23206","LUZP2"
"HGNC:8795","PDE9A"
"HGNC:24709","VWA2"
"HGNC:6344","KL"
"HGNC:17021","ASTN2"
"HGNC:79","ABO"
"HGNC:21958","ZNF804B"
"HGNC:6015","IL4R"
"HGNC:10250","ROBO2"
"HGNC:29944","TENM3"
"HGNC:19739","TTC6"
"HGNC:17108","ADAMTS16"
"HGNC:7598","MYO1D"
"HGNC:14004","ANO3"
"HGNC:14966","PXDN"
"HGNC:9994","RGS12"
"HGNC:10978","SLC24A4"
"HGNC:42048","LINC00331"
"HGNC:9446","PRLR"
"HGNC:27652","CPLX3"
"HGNC:49257","LINC00298"
"HGNC:3595","FAT1"
"HGNC:9671","PTPRG"
"HGNC:2380","HAPLN1"
"HGNC:19898","CHST9"
"HGNC:8023","NTF3"
"HGNC:1073","BMP6"
"HGNC:23723","CERCAM"
"HGNC:23476","DOCK5"
"HGNC:4471","GPR17"
"HGNC:13834","CNTNAP3"
"HGNC:3039","DSCAM"
"HGNC:9459","PROX1"
"HGNC:15825","HIF3A"
"HGNC:4894","HGFAC"
"HGNC:9675","PTPRM"
"HGNC:19952","PLSCR5"
"HGNC:19663","GNG12"
"HGNC:41353","LINC01014"
"HGNC:44150","ANAPC1P1"
"HGNC:3052","DSP"
"HGNC:553","AOX1"
"HGNC:20692","TPH2"
"HGNC:5299","HTR4"
"HGNC:30200","VWC2"
"HGNC:33154","ELFN1"
"HGNC:29524","PDCL2"
"HGNC:671","RND3"
"HGNC:26677","L3MBTL4"
"HGNC:6934","MCAM"
"HGNC:10738","SEMA6A"
"HGNC:14454","GABRQ"
"HGNC:29471","LAYN"
"HGNC:10902","SLA"
"HGNC:6346","KLF12"
"HGNC:4585","GRIN2A"
"HGNC:19185","FRAS1"
"HGNC:3802","FOXD1"
